title,link,description
Bánh mì Việt Nam - Wikipedia,https://vi.wikipedia.org/wiki/B%C3%A1nh_m%C3%AC_Vi%E1%BB%87t_Nam,"Có rất nhiều tiệm bánh mì tại Đà Nẵng, từ lớn đến nhỏ và cả những quán bánh mì ven đường, tất cả như khiến bạn lạc lối vào thiên đường ẩm thực bánh mì Đà ..."
Cách làm bánh mì đặc ruột thơm ngon đơn giản bằng nồi ...,https://www.dienmayxanh.com/vao-bep/cach-lam-banh-mi-dac-ruot-thom-ngon-bang-noi-chien-khong-dau-04411,1 Bánh mì Việt Nam · 2 Bánh mì Doner Kebab - Thổ Nhĩ Kỳ · 3 Bánh mì Meidanoche - Cuba · 4 Bánh mì hoa cúc Harrys - Pháp · 5 Bánh mì dài Baguette - Pháp · 6 Bánh mì ...
Top 5 tiệm bánh mì nổi tiếng nhất Đà Nẵng,http://anhquanbakery.com/en/tiem-banh-mi-da-nang,"24 thg 4, 2023 — 24 thg 4, 2023Ngoài ra, trong danh sách còn có những món bánh mì khác như Torta ahogada (Mexico), Tramezzino (Ý), Shawarma (khu vực Trung Đông), Chivito ( ..."
Bánh mì – Wikipedia tiếng Việt,https://vi.wikipedia.org/wiki/B%C3%A1nh_m%C3%AC,"23 thg 5, 2023 — 23 thg 5, 2023Món ăn này đặc biệt đến nỗi, người ta để dành cho nó một tên riêng “Banh Mi” trong từ điển quốc tế hiếm hoi. Rất nhiều khách du lịch rời xa Việt ..."
Bánh Mì VN Thịt Nguội - The Coffee House,https://thecoffeehouse.com/products/banh-mi-vn-thit-nguoi,"Bánh Mì · 12 Grain Bread - 1/2 loaf. Bánh Mì · 12 Grain Bread - 175gr. Bánh Mì · 6 Cereal French Flour Toast (Pc). Bánh Mì · 6 Cereals Half Baguette (pcs). Bánh Mì, ..."
Bánh Mì - Annam Gourmet,https://shop.annam-gourmet.com/vi/agm/bakery-pastry/bakery.html,"BÁNH MÌ BƠ PHÁP. 12,000₫. Bánh mì chuột. 3,000₫. Bánh mì hoa cúc. 45,000₫. Bánh mỳ đen. 10,000₫. Bánh mỳ dừa. 15,000₫. Bánh Mỳ Kem. 10,000₫."
Bánh Mỳ – poemecake - Poeme Bakery,https://poemecake.vn/collections/banh-my,
"Top 20 Tiệm Bánh Mì Ăn Một Ghiền Mười, Nhất Định ... - Vincom",https://vincom.com.vn/trend/tiem-banh-mi,"1 thg 11, 2022 — 1 thg 11, 2022Bánh mì chắc hẳn là món ăn không còn quá xa lạ với bất kỳ ai ở Sài Gòn. Cùng Vincom khám phá những tiệm bánh mì ngon nức tiếng dưới đây."
Bánh mì - Wiktionary tiếng Việt,https://vi.wiktionary.org/wiki/b%C3%A1nh_m%C3%AC,mức giá hấp dẫn. ... cả các loại nước khi mua kèm bánh nha! :D ... và order nào các bạn ơi! ... Hot: Banh Mi is only 25K??? ... attractive price. ... Let's come here and ...
Khám phá top 10 món bánh mì ngon nhất thế giới,https://banhmique.com/tin-tuc/kham-pha-top-10-mon-banh-mi-ngon-nhat-the-gioi-lv13489b,"Lobster roll, Mỹ · Bánh mì, Việt Nam · Croque madame, Pháp · Bacon butty, Anh · Vada pav, Ấn Độ · Katsu sando, Nhật Bản · Bifana, Bồ Đào Nha · Choripan – Argentina."
Bánh mì Việt - Google My Maps,https://www.google.com/mymaps/viewer?mid=1uXnT2xhQgXz7boadPeBa5gdIUD0&hl=vi,"Công ty Bánh Mì Việt chuyên các loại bánh mì kẹp thịt kiểu Việt Nam. Giao hàng miễn phí tận nơi với mỗi hóa đơn trị giá trên 50.000 tại một số khu vực Q1, ..."
"Bánh mì Việt Nam, hành trình từ ổ bánh “thượng lưu” cho đến ...",https://vietnamtourism.gov.vn/post/32035,"9 năm trước đó, 23/3/2011, từ “banh mi” chính thức được thêm vào từ điển Oxford, xác nhận là một danh từ riêng: “Bánh mì”- (banh mi /ˈbɑːn miː/). Không phải ..."
Bánh mỳ - Nguyễn Sơn Bakery,https://nguyenson.vn/collections/banh-my,Bánh mỳ · Bánh hamburger 3pcs · Bánh mì Hàn Quốc chocolate · Bánh mì Hàn Quốc mè đen · Bánh mỳ baguette · Bánh mỳ Brioche · Bánh mỳ đen · Bánh mỳ gối · Bánh mỳ gối đen.
NHÀO VÔ ĂN THỬ TOP 10 MÓN BÁNH MÌ NGON NHẤT ĐÀ ...,https://www.vntrip.vn/cam-nang/nhao-vo-an-thu-top-10-mon-banh-mi-ngon-nhat-da-nang-nao-27411,"Pate, phô mai,..Đặc biệt là khi ăn kèm với rau nộm và nước sốt. Chỉ cần nhìn chiếc bánh mì với đầy đủ nhân bánh thơm ngon là du khách không ..."
"Dép bánh mì - Giá Tốt, Miễn Phí Vận Chuyển, Đủ Loại - Shopee",https://shopee.vn/list/d%C3%A9p/b%C3%A1nh%20m%C3%AC,"Mua online dép bánh mì chất lượng, mới nhất, giảm tới 50% tại Shopee Việt Nam. Khuyến mãi tháng 06. Miễn phí vận chuyển. Mua ngay!"
BÁNH MÌ QUE CHÀ BÔNG PATE | Street Food | MINISTOP,https://www.ministop.vn/product/detail?id=813,Bánh mì sandwiches. Hazelnut Macchiato. Bánh Croissant Phô Mai Thịt Nguội. Hazelnut Macchiato. Baguette. Hazelnut Macchiato. Bánh Mì Baguette Paris.
Bánh mì sandwiches | Công ty Cà phê Starbucks,https://www.starbucks.vn/thuc-don/thuc-an/banh-mi-sandwiches/,"Hệ thống cửa hàng bánh mì Color Man. Chi nhánh 01: 121 Hoàng Hoa Thám, Phường 6, Quận Bình Thạnh. Chi nhánh 02: 366/2 Nơ Trang Long, Phường 13, ..."
Hệ thống cửa hàng bánh mì Color Man,https://colormanfood.com/pages/he-thong-cua-banh-mi-color-man,"30 thg 3, 2023 — 30 thg 3, 2023Bánh mì Vua Cua ra đời vào năm 2019 và không ngừng lớn mạnh, tạo được niềm tin đối với người tiêu dùng. Chúng tôi muốn đưa sự sáng tạo trong làm ..."
Lễ hội Bánh mì Việt Nam thu hút đông đảo du khách tham quan,https://www.qdnd.vn/van-hoa/doi-song/le-hoi-banh-mi-viet-nam-thu-hut-dong-dao-du-khach-tham-quan-723375,"Bánh mì là món ăn sáng tiện lợi và yêu thích của nhiều người. Vì lẽ đó nên việc mua bánh mì “quá tay”, khiến dư ra lượng lớn sau khi dùng xong là điều ..."
Bánh mì vẫn thơm ngon nhờ bảo quản đúng cách trong tủ lạnh,https://www.nguyenkim.com/banh-mi-van-thom-ngon-nho-bao-quan-dung-cach-trong-tu-lanh.html,"Nhân bánh mì này có thể là xúc xích, phô mai, chà bông,…khá hấp dẫn. Cách làm bánh mì tươi ngọt đơn giản. cach lam banh mi tuoi. Cách làm bánh mì tươi khá đơn ..."
Bánh mì tươi là gì và cách làm bánh mì tươi thơm ngon,https://www.huongnghiepaau.com/banh-mi-tuoi,"Với các đặc điểm trên, bánh mì đen là lựa chọn tuyệt vời để đáp ứng cơn thèm carbohydrate mà vẫn kiểm soát được calo. 3. Bánh mì nguyên cám. Bánh mì nguyên cám ..."
"8 loại bánh mì giúp giảm cân, tránh tiểu đường",http://www.puratosgrandplace.com/vi-VN/8-loai-banh-mi-giup-giam-can-tranh-tieu-duong,42 cách làm món bánh mì ý tại nhà từ cộng đồng nấu ăn lớn nhất thế giới! Xem cách làm món Bánh Mì Facaccia Olive Và Lá Thảo Mộc Ý (Phiên Bản Nhanh) nữa nhé.
42 món bánh mì ý ngon miệng dễ làm từ các đầu bếp tại gia,https://cookpad.com/vn/tim-kiem/b%C3%A1nh%20m%C3%AC%20%C3%BD,Danh mục bánh · Bánh bao chay hương sữa dừa. BB01. 18.000₫ · Bánh mì Wheat Germ. BM01. 18.000₫ · Bánh bao chay cốm sữa. BB02. 25.000₫ · Bánh bao gà nấm phomai 110g.
Bánh mì - Bánh Bao - Origato,https://origato.com.vn/danh-muc-san-pham/cac-san-pham-khac/banh-mi-banh-bao/,bánh mì · baguette ; ổ bánh mì · loaf ; bột bánh mì · bread flour ; lò bánh mì · bakery ; bánh mì kẹp · sandwich ...
6 loại bánh mì bạn không nên ăn vào buổi sáng,https://kinhtedothi.vn/6-loai-banh-mi-ban-khong-nen-an-vao-buoi-sang.html,"18 thg 4, 2023 — 18 thg 4, 2023Ngoài việc có nhiều đường và bột tinh chế, bánh mì nướng chỉ có một vài gram protein. Một nghiên cứu cho thấy những phụ nữ ăn bữa sáng với 3 ..."
Tiệm bánh mì ''nhân cơm tấm'' độc lạ đang cực nổi tiếng tại TP ...,https://kenh14.vn/tiem-banh-mi-nhan-com-tam-doc-la-dang-cuc-noi-tieng-tai-tphcm-20230531100232338.chn,"31 thg 5, 2023 — 31 thg 5, 2023Ổ bánh mì thập cẩm tại tiệm cô Lành gây hứng thú kéo nhiều thực khách vì ""giao diện"" nhân bên trong rất giống topping trong dĩa cơm tấm thường ..."
Lò nướng bánh mì sandwich bán chạy - Tiki,https://tiki.vn/lo-nuong-banh-mi-sandwich/c2042,"Mua Lò nướng bánh mì sandwich chính hãng, giá tốt. Hỗ trợ sửa chữa, lắp đặt, vận chuyển miễn phí trên toàn quốc. Bảo hành chính hãng."
Bánh Mì Sandwich (Gói) - CÔNG TY CỔ PHẦN BÁNH GIVRAL,https://givralbakery.com.vn/banh-mi-sandwich-goi-.html,Bánh Mì Sandwich (Gói). Loại nhỏ: 27.000đ. Loại lớn: 40.000đ. Mã số : Giá: : Giá từ: 27.000đ. Mô tả sản phẩm. Loại nhỏ: 25.000đ. Loại lớn: 37.000đ. Xem thêm.
BÁNH MÌ ƠI - Big Belly,https://bigbelly.vn/collections/banh-mi,Bánh Mì Que Pate Chà Bông Cay. 12000₫. Mua ngay – Xem nhanh.
Bánh mì Việt Nam lọt top 24 món bánh mì kẹp ngon nhất thế giới,https://vov.vn/du-lich/banh-mi-viet-nam-lot-top-24-mon-banh-mi-kep-ngon-nhat-the-gioi-tu-hao-am-thuc-viet-post1017375.vov,"1 thg 5, 2023 — 1 thg 5, 2023Bánh mì của Việt Nam vừa lọt vào danh sách 24 món bánh mì kẹp ... banh mi viet nam lot top 24 mon banh mi kep ngon nhat the gioi -."
Bánh mì Sandwich - Brodard Bakery,https://brodardbakery.com/product/banh-mi-sandwich/,"Mềm mại, bông xốp, chiếc bánh sandwich Brodard có thể là bữa sáng, bữa trưa hoặc là bất cứ bữa ăn nào mà bạn thích, khi ăn cùng bơ, mứt, hay pate, ..."
1 ổ bánh mì bao nhiêu calo? Ăn bánh mì nhiều có khiến bạn ...,https://accgroup.vn/1-o-banh-mi-bao-nhieu-calo/,"Có bao nhiêu calo trong một chiếc bánh sandwich? Ăn bánh mì có làm bạn béo không. Muốn ăn bánh mì mà không tăng cân, bạn cần lưu ý những điểm ..."
Bánh mì Bà Huynh - Hương vị Ô Môi Sài Gòn Trứ danh 40 năm,https://banhmibahuynh.vn/,"Bánh mì Ô môi Bà Huynh tự hào với thương hiệu ô môi gần 40 năm tuổi tại Sài Thành, Nhà Huynh phục vụ đa dạng món ăn truyền thống."
Trang Chủ - Bánh Mì Huỳnh Hoa - Bánh Mì Sài Gòn,https://banhmihuynhhoa.vn/,"Một ổ bánh mì Huynh Hoa gồm 5 – 6 lớp nhân và được phết pate, bơ ở giữa để vỏ bánh luôn giữ được độ giòn ngon, không hề bị mềm nhão như những tiệm bánh mì khác."
Bánh mì Việt Nam vào danh sách 24 món bánh kẹp ngon nhất ...,https://dangcongsan.vn/tu-tuong-van-hoa/banh-mi-viet-nam-vao-danh-sach-24-mon-banh-kep-ngon-nhat-the-gioi-636395.html,"24 thg 4, 2023 — 24 thg 4, 2023Bên cạnh bánh mì, 3 đại diện khác đến từ châu Á cũng lọt danh sách là bánh mì kẹp Shawarma và Falafel pita (Trung Đông), Katsu sando (bánh ..."
Dép Bánh Mì Giá Tốt T06/2023 | Mua tại Lazada.vn,https://www.lazada.vn/tag/dep-banh-mi/,"Mua dép bánh mì chất lượng giá tốt, freeship toàn quốc 0Đ, áp dụng đến 6 tầng giảm giá. Ưu đãi mỗi ngày, hoàn tiền đến 300K. Mua ngay dép bánh mì tại ..."
Bánh Mì Tươi,https://banhmituoi.vn/,MÓN ĂN ĐĨA BAY. BURGER ĐĨA BAY; BURGER KHỔNG LỒ ; MÓN ĂN BREADY. Bít Tết; Cơm Chiên; Mì Ý - Nui xào - Cà ri - Bò kho; Đồ Nguội ; MÓN BÁNH BREADY. Bánh Ngọt; Bánh ...
"Bánh Mì Không - Đạt G, DuUyen | Bài hát, lyrics - Zing MP3",https://zingmp3.vn/bai-hat/Banh-Mi-Khong-Dat-G-DuUyen/ZWAFE897.html,"Bánh Mì Không, - Đạt G, DuUyen Khi mà không còn yêu thì Đêm nào ta cũng say vì Không còn ai gọi ta về Mau... | Tải download 320 nhạc chờ Banh Mi Khong,- Dat ..."
5 Phút Làm Bánh Mì Kẹp Trứng Thơm Ngon ...,https://beptruong.edu.vn/day-nau-an/mon-an-ngon/banh-mi-kep-trung,"Bánh Mì 25, Hà Nội: Xem 5.639 đánh giá không thiên vị về Bánh Mì 25, được xếp hạng 4,5 trên 5 trên Tripadvisor và được xếp hạng #132 trên 4.226 nhà hàng tại ..."
"Bánh Mì 25, Hà Nội - Đánh giá về nhà hàng - Tripadvisor",https://www.tripadvisor.com.vn/Restaurant_Review-g293924-d7321100-Reviews-Banh_Mi_25-Hanoi.html,1- Năng lượng:với hàm lượng gluxit chiếm khoảng 1/2 trong lượng chung của bánh mì. Riêng tinh bột chiếm 80% lượng chất kho vì vậy cứ 100g gluxit sẽ cung cấp ...
Bánh mì tươi Cao Lợi Hưng- Thơm ngon tròn hương,https://www.caoloihung.com.vn/danh-muc/banh-mi-tuoi/,Bánh mì Pate Chà Bông · Bánh mì Sài gòn Đặc Biệt · Bánh mì Super Nhân · Bánh mì Xá Xíu BBQ · Giới thiệu · Liên kết.
Bánh mì Cô Thắm Sài Gòn - cothamsaigon,https://cothamsaigon.com/collections/hot-products,"Quán Lan Mi chuyên phục vụ bánh mì, cơm tấm với hương vị thơm ngon, hấp dẫn, vệ sinh, phục vụ nhanh nhẹn, chu đáo."
Bánh Mì Lan Mi ở TP. HCM - Foody.vn,https://www.foody.vn/ho-chi-minh/lan-mi-banh-mi-com-tam,Staff là thương hiệu phụ trách tất cả các sản phẩm bánh mì tươi trực thuộc Công ty Cổ phần Thực phẩm Hữu Nghị.
Bánh flan làm bằng bánh mỳ? Dễ vậy sao? #learnontiktok ...,https://zingnews.vn/banh-mi-viet-nam-lot-top-mon-kep-ngon-nhat-the-gioi-post1372876.html,"7 thg 11, 2022 — 7 thg 11, 2022Ảnh: thehungarybuddha. banh mi kep anh 6. Pan bagnat, Pháp: Đây một loại bánh sandwich có xuất xứ từ Nice ..."
Bánh mì Việt Nam lọt top món kẹp ngon nhất thế giới - Zing,https://plo.vn/doc-dao-10-thuong-hieu-banh-mi-lau-doi-o-tphcm-vua-xac-lap-ki-luc-post726736.html,"2 thg 4, 2023 — 2 thg 4, 2023(PLO)- Tốp các thương hiệu bánh mì được xác lập kỉ lục lâu đời, hoạt động trên 50 năm giữ nguyên hương vị thơm ngon, chất lượng theo bí quyết ..."
Độc đáo 10 thương hiệu bánh mì lâu đời ở TP.HCM vừa xác ...,https://genk.vn/banh-mi-viet-nam-co-gi-dac-biet-ma-du-suc-cua-do-ca-the-gioi-va-xuat-hien-tren-trang-chu-google-20220728123238691.chn,"28 thg 7, 2022 — 28 thg 7, 2022Vào năm 2011, món ăn này đã chính thức trở thành danh từ riêng trong từ điển Oxford: ""Bánh mì"" - (banh mi /ˈbɑːn miː/). Đây được xem như dấu mốc ..."
Bánh mì Việt Nam: Có gì đặc biệt mà đủ sức “cưa đổ cả thế ...,https://abby.vn/c/do-lam-banh/tui-hop-coc-lo/tui-dung-banh-mi,"Túi đựng bánh mì Baking màu xanh 32x12x9cm (10 chiếc) · Túi đựng bánh mì Blue Crete 32x12x9cm (10 chiếc) Xem Nhanh. Thêm vào giỏ 17,000₫ Mã: B5412."
"Túi đựng bánh mì giá rẻ nhất - Abby - Đồ làm bánh, nấu ăn và ...",https://laodong.vn/photo/thu-tuong-australia-di-uong-bia-thuong-thuc-banh-mi-o-ha-noi-1200328.ldo,"6 ngày trước — 6 ngày trướcThủ tướng Australia Anthony Albanese đã có mặt tại Hà Nội, ăn bánh mì và thưởng thức bia trên phố Đường Thành, Hoàn Kiếm, Hà Nội."
"Thủ tướng Australia đi uống bia, thưởng thức bánh mì ở Hà Nội",https://www.phunuonline.com.vn/pho-banh-mi-co-gia-2-3-trieu-dong-tai-nha-hang-vua-dat-sao-michelin-a1493576.html,"1 ngày trước — 1 ngày trướcBánh mì tại Anan Saigon. Bánh mì tại Anan Saigon. Ngoài phở và bánh mì, thì món Caviar Bánh Nhúng, lấy cảm hứng từ món bánh waffle truyền thống ..."
"Phở, bánh mì giá 2,3 triệu đồng tại nhà hàng ở TPHCM vừa ...",https://quochoitv.vn/an-gi-sang-nay-banh-my-pha-lau-ga,"20 giờ trước — 20 giờ trướcBánh mỳ là một món ăn đã quá quen thuộc vào bữa sáng với nhiều cách biến tấu khác nhau như bánh mì kẹp nhân, bánh mì chảo hay bánh mỳ chấm ..."
Ăn gì sáng nay: Bánh mỳ phá lấu gà - Truyền hình Quốc hội,https://congan.com.vn/doi-song/le-hoi-banh-mi-ton-vinh-am-thuc-viet-nam_145240.html,"29 thg 3, 2023 — 29 thg 3, 2023Bánh mỳ Hà Nội kiểu truyền thống chỉ gồm chút bơ, pate gan, thêm chút ruốc, xá xíu, vài lát giò, chả thái mỏng. Rau ăn kèm thường có rau mùi, ..."
Lễ hội bánh mì tại TPHCM: Tôn vinh ẩm thực Việt Nam - congan,https://vietnambiz.vn/o-banh-mi-gia-23-trieu-dong-ban-trong-nha-hang-vua-dat-sao-michelin-202367142429453.htm,"2 ngày trước — 2 ngày trướcTô phở, bánh mì có giá 100 USD. Anan Saigon được thành lập bởi đầu bếp Peter Cuong Franklin, từ tháng 4/2017 tại TP HCM. Peter Cuong Franklin ..."
Bánh mì Nha Trang - Điểm danh 18 quán nhất định phải thử,https://vinwonders.com/vi/bai-viet-du-lich/quan-banh-mi-nha-trang-noi-tieng/,"6 ngày trước — 6 ngày trướcSau khi đến thăm Trường Đại học RMIT, Thủ tướng Australia Anthony Albanese đã thưởng thức món bánh mỳ truyền thống Hà Nội và bia hơi tại một ..."
"Thủ tướng Australia uống bia hơi, ăn bánh mì truyền thống Hà ...",https://baotintuc.vn/thoi-su/thu-tuong-australia-uong-bia-hoi-an-banh-mi-truyen-thong-ha-noi-20230603144057657.htm,"30 thg 3, 2023 — 30 thg 3, 2023Visitors can browse and enjoy a wide variety of Vietnamese bánh mì with many types of fillings, including vegetarian, as well as other baked ..."
HCM City organises first-ever bánh mì festival - VietNam News,https://vietnamnews.vn/life-style/1503771/hcm-city-organises-first-ever-banh-mi-festival.html,"3 thg 5, 2022 — 3 thg 5, 2022Dọc những con đường ven biển, du khách có thể bắt gặp vô vàn quán bánh mì que thơm ngon với giá siêu rẻ rồi đó. Cùng Tico Travel khám phá ngay ..."
Top 12 quán bánh mì que Đà Nẵng ngon quên lối về,https://ticotravel.com.vn/banh-mi-da-nang/,"5 ngày trước — 5 ngày trướcThủ tướng Anthony Albanese giơ ngón tay cái khi ăn miếng bánh mì đầu tiên, thưởng thức lạc luộc, chả cá, ba chỉ lợn nướng và đậu tẩm hành; ..."
"Thủ tướng Úc nói gì về bánh mì, bia hơi Việt Nam? - CafeF",https://cafef.vn/thu-tuong-uc-noi-gi-ve-banh-mi-bia-hoi-viet-nam-188230603173743118.chn,"30 thg 8, 2019 — 30 thg 8, 2019Hơn nữa, nguồn protein từ thịt heo cũng không lành mạnh bằng thịt gà. 2. Bánh mì giúp bổ sung vitamin. Ngoài các loại thịt, bánh mì còn có cà ..."
Cách làm bánh mì nóng giòn thơm ngon - Hello Bacsi,https://hellobacsi.com/an-uong-lanh-manh/cong-thuc-nau-an-tot-cho-suc-khoe/cach-lam-banh-mi/,"6 ngày trước — 6 ngày trướcVề tháp bánh mì, nó cao 3m, dài 6m do nghệ nhân ẩm thực – Master Chef Hoàng Thị Ánh Tuyết thiết kế và thi công. Và người tạo nên những ổ bánh mì ..."
Khi 1.000 ổ bánh mì vào lễ hội ẩm thực phố biển,https://www.sgtiepthi.vn/khi-1-000-o-banh-mi-vao-le-hoi-am-thuc-pho-bien/,"16 thg 9, 2021 — 16 thg 9, 2021Đặc trưng quán: Không phải tự nhiên mà nhiều du khách lẫn các trang báo nước ngoài lại gọi Madam Khánh là “The banh mi Queen"". Từ phần vỏ bánh ..."
Bánh mì Hội An | TOP 10 tiệm bánh “ăn một lần nhớ cả đời”,https://vinpearl.com/vi/banh-mi-hoi-an-bat-mi-top-10-tiem-banh-an-mot-lan-nho-ca-doi,5 ngày trước — 5 ngày trước
"Thủ tướng Australia uống bia hơi, ăn bánh ... - Báo Bắc Giang",http://baobacgiang.com.vn/bg/chinh-tri/405933/thu-tuong-australia-uong-bia-hoi-an-banh-mi-truyen-thong-ha-noi.html,2 ngày trước — 2 ngày trướcMột ngày sau khi Thủ tướng Australia Anthony Albanese thưởng thức bánh mì và bia hơi tại phố cổ Hà Nội trong khuôn khổ chuyến thăm chính thức ...
"Thủ tướng Australia uống bia hơi, khen ngợi hương vị bánh ...",https://dantri.com.vn/the-gioi/thu-tuong-australia-uong-bia-hoi-khen-ngoi-huong-vi-banh-my-tai-ha-noi-20230603160417688.htm,5 ngày trước — 5 ngày trướcThủ tướng Australia Anthony Albanese ăn bánh mỳ và uống bia hơi tại thủ đô Hà Nội vào trưa 3/6 (Ảnh: Anthony Albanese Twitter). Trên trang ...
Lần đầu tiên tổ chức lễ hội bánh mì Việt Nam,https://baochinhphu.vn/lan-dau-tien-to-chuc-le-hoi-banh-mi-viet-nam-102230309164730019.htm,"9 thg 3, 2023 — 9 thg 3, 2023Lễ hội Bánh mì Việt Nam lần thứ I năm 2023 sẽ diễn ra từ ngày 30/3 đến ngày 2/4/2023 tại Nhà Văn hóa Thanh niên TPHCM, quy tụ 120 gian hàng ..."
Thủ tướng Australia Anthony Albanese uống ... - hanoimoi.com,https://hanoimoi.com.vn/tin-tuc/Doi-ngoai/1066114/thu-tuong-australia-anthony-albanese-uong-bia-hoi-an-banh-mi-truyen-thong-ha-noi,6 ngày trước — 6 ngày trướcThủ tướng Australia Anthony Albanese nghe giới thiệu về bánh mì truyền thống của Việt Nam. Ảnh: Lâm Khánh/TTXVN.
Lễ hội Bánh mì Việt Nam tổ chức lần đầu tiên tại TPHCM,https://hcmcpv.org.vn/tin-tuc/le-hoi-banh-mi-viet-nam-to-chuc-lan-dau-tien-tai-tphcm-1491905734,"9 thg 3, 2023 — 9 thg 3, 2023(Thanhuytphcm.vn) – Chiều 9/3, Sở Du lịch và Hiệp hội Du lịch TPHCM tổ chức công bố Lễ hội Bánh mì Việt Nam lần thứ I năm 2023, ..."
"Thủ tướng Úc nói gì về bánh mì, bia hơi Việt Nam? - SOHA",https://soha.vn/thu-tuong-uc-noi-gi-ve-banh-mi-bia-hoi-viet-nam-20230603201402595.htm,"5 ngày trước — 5 ngày trướcThủ tướng Anthony Albanese giơ ngón tay cái khi ăn miếng bánh mì đầu tiên, thưởng thức lạc luộc, chả cá, ba chỉ lợn nướng và đậu tẩm hành; ..."
